ham,"Re: New Sequences Window"
ham,"[ILUG] Dermot Beirne/Dublin/IE/Exel is out of the office."
ham,"[ILUG] Dell GX260 V Redhat 7.3"
ham,"RE: [ILUG] Dell GX260 V Redhat 7.3"
ham,"RE: [ILUG] Dell GX260 V Redhat 7.3"
ham,"Re: [ILUG] Strange ssh problem"
ham,"RE: [ILUG] Dell GX260 V Redhat 7.3"
ham,"RE: [ILUG] Dell GX260 V Redhat 7.3"
ham,"Re: [ILUG] stupid pics of the day"
ham,"Re: [ILUG] Dell GX260 V Redhat 7.3"
ham,"[ILUG] Quake 3"
ham,"Re: [ILUG] stupid pics of the day"
ham,"[ILUG] Fwd: OpenSSH trojan?"
ham,"OpenSSH trojan?"
ham,"RE: [ILUG] Dell GX260 V Redhat 7.3"
ham,"Re: [ILUG] Fwd: OpenSSH trojan?"
ham,"Re: [ILUG] Dell GX260 V Redhat 7.3"
ham,"RE: [ILUG] Dell GX260 V Redhat 7.3"
ham,"RE: [ILUG] Dell GX260 V Redhat 7.3"
ham,"Re: [ILUG] Quake 3"
ham,"Re: [ILUG] Checking that cronjobs actually ran?"
ham,"[ILUG] Checking that cronjobs actually ran?"
ham,"Re: [ILUG] Checking that cronjobs actually ran?"
ham,"[ILUG] Re: removing lilo"
ham,"[ILUG] Re: removing lilo"
ham,"Re: [ILUG] Re: removing lilo"
ham,"[ILUG] RE: removing lilo"
ham,"Re: removing lilo"
ham,"[ILUG] Sysadmin / IT person wanted"
ham,"[ILUG] Dermot Beirne/Dublin/IE/Exel is out of the office."
ham,"RE: [ILUG] Re: removing lilo"
ham,"Re: [ILUG] Sysadmin / IT person wanted"
ham,"Re: [ILUG] inputting chinese characters in Redhat 7.3"
ham,"Re: [ILUG] LCD monitors and linux"
ham,"Re: [ILUG] Dell GX260 V Redhat 7.3"
ham,"Re: [ILUG] Sysadmin / IT person wanted"
ham,"[ILUG] Dermot Beirne/Dublin/IE/Exel is out of the office."
ham,"Re: [ILUG] Quake 3"
ham,"Re: [ILUG] Re: Csh shell scripts"
ham,"[ILUG] Network problems"
ham,"Re: [ILUG] Network problems"
ham,"Re: [ILUG] LCD monitors and linux"
ham,"Re: [ILUG] Network problems"
ham,"[ILUG] One Command -- Four Types"
ham,"Re: [ILUG] One Command -- Four Types"
ham,"Re: [ILUG] One Command -- Four Types"
ham,"[ILUG] 3c509 & 2.4.19 problems"
ham,"Re: [ILUG] 3c509 & 2.4.19 problems"
ham,"Re: [ILUG] 3c509 & 2.4.19 problems"
ham,"Re: [ILUG] 3c509 & 2.4.19 problems"
ham,"Re: [ILUG] 3c509 & 2.4.19 problems"
ham,"Re: [ILUG] Dell GX260 V Redhat 7.3"
ham,"Re: [ILUG] Dell GX260 V Redhat 7.3"
ham,"Re: [ILUG] Dell GX260 V Redhat 7.3"
ham,"[ILUG] nmblookup question"
ham,"[ILUG] Sparc Solaris (was: Dell GX260 V Redhat 7.3)"
ham,"Re: [ILUG] Sparc Solaris (was: Dell GX260 V Redhat 7.3)"
ham,"Re: [ILUG] Sparc Solaris (was: Dell GX260 V Redhat 7.3)"
ham,"Re: [ILUG] Sparc Solaris (was: Dell GX260 V Redhat 7.3)"
ham,"Re: [ILUG] Sparc Solaris (was: Dell GX260 V Redhat 7.3)"
spam,"BUSINESS ASSISTANCE"
spam,"BUSINESS ASSISTANCE"
spam,"Movie Project"
spam,"How Does Unlimited Free Calling Work?"
spam,"How Does Unlimited Free Calling Work?"
spam,"How Does Unlimited Free Calling Work?"
spam,"The Hotel Show"
spam,"Votre maintenance Informatique"
spam,"A Unique Dual Income Opportunity"
spam,"Your approval is needed"
spam,"Your approval is needed"
spam,"[Avfs] Romanian Software Production & Export"
spam,"Is Neotropin right for you?"
spam,"Hi-Mind:Opt-in referencement"
spam,"Le dernier sondage avant les "élections presidentielles 2002 !
spam,"Save you up to 70% on toner cartridges, Inkjet cartridges, and Ribbons!!!2"
spam,""
spam,"Hello"
spam,"Hello"
spam,"ADV: Payment processing - 8% flat fee"
spam,"ADV: Search Engine Placement"
spam,"ADV: Search Engine Registration"
spam,"You cannot do that!"
spam,"Re: Need Help with your bills... [t4are]"
spam,"good mtv wmE239PgyETfr9P4nvyEWKJCEkWH"
spam,"nice foto YOHvTp2KSxRjQIzJXdHxkRTfBjhO"
spam,"tell you a great new K26kT5buE4AdbAD2c"
spam,"Hi Joseph, here is my personal information you wanted P"
spam,"super news FeW62dODaBGHzD5oW"
spam,"good friend nUYiIFa3s19FyqZIEEC3lLvT"
spam,"please see thanks aFTkNqJnKdMfZNDBHkLgjixDM2Z"
spam,"please see see kmuNnWq6p12tdpvINWVAGy"
spam,"good news t4hvHyeSgJoP4DZQbVILLg"
spam,"from heaven xB8COL5jqAf1adREAm"
spam,"to  the  heaven gjOQ1LUGEh3axIEp2anbbYD"
spam,"Asian Lesbo Sluts!                   22337"
spam,"When Size DOES Matter, you know where to go. -->"
spam,"make love tonight =?GB2312?B?w8DFrs28xqw=?="
spam,"Want more money? [farea]"
spam,"Make this investigator work for you."
spam,"yyyy,HGH Liquid!  Lose Weight...Gain Muscle...Affordable Youth!"
spam,"Production Mini-plants in mobile containers. Co-investment Program"
spam,"6% AVG Guaranteed for 5 Years"
spam,"Joke-Of -The- Day"
spam,"discreet penis enlargement 4623"
spam,"EMAIL LIST - 100 MILLION ADDRESSES $79"
spam,"RUIN ANYONE ANYWHERE ANYTHING"
spam,"URGENT BUSINESS ASSISTANCE"
spam,"PARTNERSHIP REQUEST"
spam,"marketing news: the latest way to grow your business 572819"
spam,"fork,Your HGH Request!"
spam,"$500 1st Annuity Sale Bonus"
spam,"Re: Appointment Setting"
spam,"An Invitation from Lisa@freightmart.com"
spam,"(no subject)"
spam,"make love tonight =?GB2312?B?w8DFrs28xqw=?="
spam,"ADV: Extended Auto Warranty -- even older cars... xwczh"
spam,"eBay, How To Secure Your Financial Future And Increase Your Income                     23827"
spam,"World's Biggest C*O*C*K*S....                ZEBPJ"
spam,"ALL NATURAL Viagra Alternative!"